"department_id","code_of_department","name_of_department","local_administrative_division"
1,22,Côtes-d'Armor,Saint-Brieuc
2,95,Val-d'Oise,Cergy
3,74,Haute-Savoie,Annecy
4,52,Haute-Marne,Chaumont
5,39,Jura,Lons-le-Saunier
6,5,Hautes-Alpes,Gap
7,56,Morbihan,Vannes
8,973,Guyane,Cayenne
9,975,Saint-Pierre-et-Miquelon,Saint-Pierre
10,77,Seine-et-Marne,Melun
11,55,Meuse,Bar-le-Duc
12,37,Indre-et-Loire,Tours
13,75,Paris,Paris
14,972,Martinique,Fort-de-France
15,18,Cher,Bourges
16,31,Haute-Garonne,Toulouse
17,2,Aisne,Laon
18,36,Indre,Châteauroux
19,73,Savoie,Chambéry
20,53,Mayenne,Laval
21,91,Essonne,Évry
22,10,Aube,Troyes
23,19,Corrèze,Tulle
24,4,Alpes-de-Haute-Provence,Digne-les-Bains
25,60,Oise,Beauvais
26,23,Creuse,Guéret
27,62,Pas-de-Calais,Arras
28,976,Mayotte,Mamoudzou
29,8,Ardennes,Charleville-Mézières
30,50,Manche,Saint-Lô
31,65,Hautes-Pyrénées,Tarbes
32,93,Seine-Saint-Denis,Bobigny
33,45,Loiret,Orléans
34,14,Calvados,Caen
35,30,Gard,Nîmes
36,32,Gers,Auch
37,47,Lot-et-Garonne,Agen
38,69,Rhône,Lyon
39,90,Territoire de Belfort,Belfort
40,94,Val-de-Marne,Créteil
41,24,Dordogne,Périgueux
42,46,Lot,Cahors
43,38,Isère,Grenoble
44,43,Haute-Loire,Le Puy-en-Velay
45,92,Hauts-de-Seine,Nanterre
46,84,Vaucluse,Avignon
47,25,Doubs,Besançon
48,76,Seine-Maritime,Rouen
49,17,Charente-Maritime,La Rochelle
50,12,Aveyron,Rodez
51,41,Loir-et-Cher,Blois
52,28,Eure-et-Loir,Chartres
53,71,Saône-et-Loire,Mâcon
54,1,Ain,Bourg-en-Bresse
55,82,Tarn-et-Garonne,Montauban
56,971,Guadeloupe,Basse-Terre
57,15,Cantal,Aurillac
58,64,Pyrénées-Atlantiques,Pau
59,7,Ardèche,Privas
60,57,Moselle,Metz
61,2,Haute-Corse,Bastia
62,33,Gironde,Bordeaux
63,9,Ariège,Foix
64,86,Vienne,Poitiers
65,72,Sarthe,Le Mans
66,59,Nord,Lille
67,83,Var,Toulon
68,49,Maine-et-Loire,Angers
69,40,Landes,Mont-de-Marsan
70,54,Meurthe-et-Moselle,Nancy
71,44,Loire-Atlantique,Nantes
72,85,Vendée,La Roche-sur-Yon
73,79,Deux-Sèvres,Niort
74,974,Réunion,Saint-Denis
75,67,Bas-Rhin,Strasbourg
76,89,Yonne,Auxerre
77,88,Vosges,Épinal
78,35,Ille-et-Vilaine,Rennes
79,78,Yvelines,Versailles
80,63,Puy-de-Dôme,Clermont-Ferrand
81,87,Haute-Vienne,Limoges
82,58,Nièvre,Nevers
83,27,Eure,Évreux
84,70,Haute-Saône,Vesoul
85,66,Pyrénées-Orientales,Perpignan
86,26,Drôme,Valence
87,16,Charente,Angoulême
88,81,Tarn,Albi
89,68,Haut-Rhin,Colmar
90,2,Corse-du-Sud,Ajaccio
91,42,Loire,Saint-Étienne
92,21,Côte-d'Or,Dijon
93,61,Orne,Alençon
94,11,Aude,Carcassonne
95,34,Hérault,Montpellier
96,51,Marne,Châlons-en-Champagne
97,13,Bouches-du-Rhône,Marseille
98,3,Allier,Moulins
99,48,Lozère,Mende
100,80,Somme,Amiens
101,6,Alpes-Maritimes,Nice
102,29,Finistère,Quimper
