"region_id","code_of_region","name_of_region","local_administrative_division"
1,54,Poitou-Charentes,Poitiers
2,4,La Réunion,Saint-Denis
3,43,Franche-Comté,Besançon
4,24,Centre,Orléans
5,42,Alsace,Strasbourg
6,5,Mayotte,Mamoudzou
7,74,Limousin,Limoges
8,2,Martinique,Fort-de-France
9,94,Corse,Ajaccio
10,23,Haute-Normandie,Rouen
11,6,Saint-Pierre-et-Miquelon,Saint-Pierre
12,52,Pays de la Loire,Nantes
13,22,Picardie,Amiens
14,91,Languedoc-Roussillon,Montpellier
15,73,Midi-Pyrénées,Toulouse
16,82,Rhône-Alpes,Lyon
17,26,Bourgogne,Dijon
18,41,Lorraine,Metz
19,25,Basse-Normandie,Caen
20,83,Auvergne,Clermont-Ferrand
21,53,Bretagne,Rennes
22,93,Provence-Alpes-Côte d'Azur,Marseille
23,21,Champagne-Ardenne,Châlons-en-Champagne
24,1,Guadeloupe,Basse-Terre
25,11,Île-de-France,Paris
26,72,Aquitaine,Bordeaux
27,31,Nord-Pas-de-Calais,Lille
28,3,Guyane,Cayenne
